Date,Close,Predicted
2025-08-27,3404.60009765625,3404.7682556844375
2025-08-28,3431.800048828125,3431.9554717742544
2025-08-29,3473.699951171875,3473.195064545446
2025-09-02,3549.39990234375,3544.8935627072415
2025-09-03,3593.199951171875,3591.1791394668544
2025-09-04,3565.800048828125,3568.4781315644427
2025-09-05,3613.199951171875,3610.996870355998
2025-09-08,3638.10009765625,3636.3380598265653
2025-09-09,3643.300048828125,3643.5348675815053
2025-09-10,3643.60009765625,3644.3080256577496
2025-09-11,3636.89990234375,3638.37182854936
2025-09-12,3649.39990234375,3649.481812405404
2025-09-15,3682.199951171875,3679.401029061705
2025-09-16,3688.89990234375,3688.6268067936103
2025-09-17,3681.800048828125,3683.091118978938
2025-09-18,3643.699951171875,3648.137893307283
2025-09-19,3671.5,3669.626057916346
2025-09-22,3740.699951171875,3733.7453750000636
2025-09-23,3780.60009765625,3776.634141860274
2025-09-24,3732.10009765625,3738.5978473420937
2025-09-25,3736.89990234375,3737.433431917359
2025-09-26,3775.300048828125,3771.3849986583973
2025-09-29,3820.89990234375,3815.4720163384254
2025-09-30,3840.800048828125,3838.918032022308
2025-10-01,3867.5,3864.370227321477
2025-10-02,3839.699951171875,3844.659931716608
2025-10-03,3880.800048828125,3875.1584815844394
2025-10-06,3948.5,3937.7878227444858
2025-10-07,3976.60009765625,3971.9791198113267
2025-10-08,4043.300048828125,4031.252514249321
2025-10-09,3946.300048828125,3965.8338248850905
2025-10-10,3975.89990234375,3971.089839028318
2025-10-13,4108.60009765625,4083.2992617573314
2025-10-14,4138.7001953125,4132.999358017687
2025-10-15,4176.89990234375,4169.008461010126
2025-10-16,4280.2001953125,4256.357355174927
2025-10-17,4189.89990234375,4213.147631677888
2025-10-20,4336.39990234375,4302.742953609016
2025-10-21,4087.699951171875,4148.645180667271
2025-10-22,4044.39990234375,4055.645629724875
2025-10-23,4125.5,4107.436210529086
2025-10-24,4118.39990234375,4121.1588047999585
2025-10-27,4001.89990234375,4026.894731420981
2025-10-28,3966.199951171875,3973.6615094099484
2025-10-29,3983.699951171875,3980.0574253723653
2025-10-30,4001.300048828125,3997.9717008877515
2025-10-31,3982.199951171875,3986.466476447398
2025-11-03,4000.300048828125,3995.697226005709
2025-11-04,3947.699951171875,3957.1024972980595
2025-11-05,3980.300048828125,3973.854600451017
2025-11-06,3979.89990234375,3979.513874021574
2025-11-07,3999.39990234375,3995.7552570122966
2025-11-10,4111.7998046875,4089.7479451114154
2025-11-11,4106.7998046875,4107.144337750424
2025-11-12,4204.39990234375,4185.219155035073
2025-11-13,4186.89990234375,4190.660038444244
2025-11-14,4087.60009765625,4108.787370296957
2025-11-17,4068.300048828125,4070.555497863244
2025-11-18,4061.300048828125,4060.7622811054694
2025-11-19,4077.699951171875,4073.748997971749
2025-11-20,4056.5,4059.6744641967566
2025-11-21,4076.699951171875,4072.6724217470573
2025-11-24,4091.89990234375,4088.044226321215
2025-11-25,4139.2001953125,4129.52660825289
2025-11-26,4165.2001953125,4159.355336030189
2025-11-28,4218.2998046875,4207.7534336153785
2025-12-01,4239.2998046875,4234.643358964068
2025-12-02,4186.60009765625,4197.611742420126
2025-12-03,4199.2998046875,4196.252257652769
2025-12-04,4211.7998046875,4208.928444643574
2025-12-05,4212.89990234375,4213.242375253561
2025-12-08,4187.2001953125,4191.952594910702
2025-12-09,4206.7001953125,4202.0198721926345
2025-12-10,4196.39990234375,4197.896490256663
2025-12-11,4285.5,4266.608999842312
2025-12-12,4300.10009765625,4297.700202050262
2025-12-15,4306.7001953125,4304.918827769148
2025-12-16,4304.5,4304.254593940926
2025-12-17,4347.5,4337.40172356776
2025-12-18,4339.5,4341.536125298626
2025-12-19,4361.39990234375,4356.33199746944
2025-12-22,4444.60009765625,4423.71187793402
2025-12-23,4482.7998046875,4473.397965903308
2025-12-24,4480.60009765625,4481.361539639923
2025-12-26,4529.10009765625,4516.807448037858
2025-12-29,4325.10009765625,4378.119037040421
2025-12-30,4370.10009765625,4358.380251663385
2025-12-31,4325.60009765625,4335.592119354239
2026-01-02,4314.39990234375,4317.449279147257
2026-01-05,4436.89990234375,4406.766248863786
2026-01-06,4482.2001953125,4470.846835709571
2026-01-07,4449.2998046875,4457.915749091028
2026-01-08,4449.7001953125,4450.059625388723
2026-01-09,4490.2998046875,4479.8887004341
2026-01-12,4604.2998046875,4573.529312325727
2026-01-13,4589.2001953125,4593.510037408643
2026-01-14,4626.2998046875,4616.23863530075
2026-01-15,4616.2998046875,4619.188822498178
2026-01-16,4588.39990234375,4596.404149208865
2026-01-20,4759.60009765625,4711.332283755298
2026-01-21,4831.7998046875,4810.789962118341
2026-01-22,4908.7998046875,4885.715071262928
2026-01-23,4976.2001953125,4955.274756021488
2026-01-26,5079.7001953125,5045.720934942813
2026-01-27,5079.89990234375,5078.891111314302
2026-01-28,5301.60009765625,5224.530355985705
2026-01-29,5318.39990234375,5314.438729279092
2026-01-30,4713.89990234375,4962.188999678199
2026-02-02,4622.5,4651.364147428673
2026-02-03,4903.7001953125,4816.584253685789
2026-02-04,4920.39990234375,4916.674881444172
2026-02-05,4861.39990234375,4882.571507989423
2026-02-06,4951.2001953125,4923.025993185684
2026-02-09,5050.89990234375,5017.612329193604
2026-02-10,5003.7998046875,5019.485717154591
2026-02-11,5071.60009765625,5048.948987299921
2026-02-12,4923.7001953125,4972.007547135884
2026-02-13,5022.0,4989.849116746831
2026-02-17,4882.89990234375,4927.3994328682475
2026-02-18,4986.5,4952.213644943814
2026-02-19,4975.89990234375,4978.689048461713
2026-02-20,5059.2998046875,5031.232916437124
2026-02-23,5204.7001953125,5153.807219276972
2026-02-24,5155.7998046875,5172.453474149831
2026-02-25,5206.39990234375,5187.895675029307
2026-02-26,5176.5,5186.557113263255
2026-02-27,5230.5,5211.200763645455
2026-03-02,5294.39990234375,5270.812333263496
2026-03-03,5107.39990234375,5173.195974363357
2026-03-04,5120.2001953125,5114.579164065866
2026-03-05,5065.2998046875,5083.914810665236
2026-03-06,5146.10009765625,5117.160966878921
2026-03-09,5091.5,5109.664067886459
2026-03-10,5229.7001953125,5179.789217695543
2026-03-11,5167.39990234375,5188.816507409495
2026-03-12,5115.7998046875,5133.43001247098
2026-03-13,5052.5,5073.981663267689
2026-03-16,4994.0,5012.02172668009
2026-03-17,5001.0,4996.607145968631
2026-03-18,4889.89990234375,4926.8665517259915
2026-03-19,4600.7001953125,4699.364796587706
2026-03-20,4570.39990234375,4577.925122441163
2026-03-23,4404.10009765625,4456.432764265446
2026-03-24,4399.2998046875,4398.163917739361
2026-03-25,4549.7998046875,4502.023298287037
2026-03-26,4375.5,4434.464326891514
2026-03-27,4492.0,4454.063829623567
2026-03-30,4526.0,4515.945653661426
2026-03-31,4647.60009765625,4607.815164906038
2026-04-01,4783.2001953125,4738.163785691129
2026-04-02,4651.5,4699.233333086317
2026-04-06,4656.7998046875,4657.868081559774
2026-04-07,4657.10009765625,4659.018692172961
2026-04-08,4749.5,4722.591541960069
2026-04-09,4792.2001953125,4779.79419237503
2026-04-10,4761.89990234375,4771.942974231615
2026-04-13,4742.39990234375,4749.738180629528
2026-04-14,4825.0,4801.00111654541
2026-04-15,4800.0,4808.534139063288
2026-04-16,4785.39990234375,4790.055255454976
2026-04-17,4857.60009765625,4836.77859983207
2026-04-20,4806.60009765625,4822.752175475671
2026-04-21,4698.39990234375,4730.697162687609
2026-04-22,4732.5,4722.830091932554
2026-04-23,4705.10009765625,4712.741625407457
2026-04-24,4722.2998046875,4717.80472893121
2026-04-27,4675.39990234375,4690.148477640901
2026-04-28,4591.5,4616.68407698461
2026-04-29,4545.2001953125,4558.907118427714
2026-04-30,4614.7001953125,4595.791827641144
2026-05-01,4629.89990234375,4626.419764641513
2026-05-04,4519.5,4553.673941454449
2026-05-05,4555.7998046875,4546.492086161875
2026-05-06,4681.89990234375,4646.937112254337
2026-05-07,4699.7998046875,4695.545345564381
2026-05-08,4720.39990234375,4715.336120368339
2026-05-11,4718.7001953125,4720.1081719430695
2026-05-12,4677.60009765625,4691.007580641151
2026-05-13,4697.7001953125,4692.487714746219
2026-05-14,4678.10009765625,4684.021902351836
2026-05-15,4555.7998046875,4591.353860967021
2026-05-18,4552.5,4554.2816051638265
2026-05-19,4506.2998046875,4520.389742874161
2026-05-20,4531.2998046875,4525.296111508147
2026-05-21,4539.7998046875,4538.191652451826
2026-05-22,4521.0,4526.926739952153
2026-05-26,4500.39990234375,4508.198828307021
2026-05-27,4447.5,4464.529153163256
2026-05-28,4499.2998046875,4486.743133793654
2026-05-29,4560.5,4544.497259440199
2026-06-01,4475.2001953125,4501.650052945865
2026-06-02,4489.10009765625,4486.705079001208
2026-06-03,4436.7001953125,4452.186917886038
2026-06-04,4475.7998046875,4466.219318951464
2026-06-05,4337.10009765625,4377.774080342504
2026-06-08,4335.89990234375,4338.237581484898
2026-06-09,4260.0,4282.512457017816
2026-06-10,4108.2001953125,4151.110545160341
2026-06-11,4090.300048828125,4096.647187229299
2026-06-12,4215.0,4183.812395837052
2026-06-15,4328.0,4298.031857358974
2026-06-16,4330.89990234375,4332.818466830768
2026-06-17,4358.89990234375,4353.938859871742
2026-06-18,4224.10009765625,4263.496973270169
2026-06-22,4181.89990234375,4195.296592822729
2026-06-23,4129.89990234375,4145.491575935406
2026-06-24,3990.300048828125,4028.973702989557
2026-06-25,4030.5,4023.2254819469126
2026-06-26,4078.699951171875,4068.737121292508
2026-06-29,4022.300048828125,4039.780227779728
2026-06-30,4022.89990234375,4025.742522774553
2026-07-01,4068.300048828125,4059.6502917015405
2026-07-02,4112.7001953125,4103.913526846885
2026-07-06,4155.10009765625,4147.166110433079
2026-07-07,4145.2998046875,4150.527973763117
2026-07-08,4070.89990234375,4092.3604429497273
2026-07-09,4130.60009765625,4118.3162565105395
2026-07-10,4104.10009765625,4112.34902239891
2026-07-13,3997.0,4025.2727164762373
2026-07-14,4061.10009765625,4049.169024864569
2026-07-15,4044.0,4050.3231809026
2026-07-16,3985.60009765625,4001.4684662776376
2026-07-17,4012.699951171875,4008.304914503525
2026-07-20,4010.300048828125,4013.826512511825
2026-07-21,4071.10009765625,4060.147441811282
2026-07-22,4146.89990234375,4131.794047394291
2026-07-23,4046.60009765625,4071.5940418148134
2026-07-24,4067.60009765625,4064.096242937282
2026-07-27,,4085.096242937282
2026-07-28,,4102.510681556554
2026-07-29,,4119.877273627679
2026-07-30,,4137.190839207167
2026-07-31,,4154.447287556048
